ID128,movie-drama,DVDs,2020/05/12-09:30:00
ID129,perfume-floral,Beauty,2020/06/25-10:45:00
ID130,laptop-ultrabook,Electronics,2020/08/18-11:20:00
ID131,movie-drama,DVDs,2020/09/22-12:00:00
ID132,headphones-wireless,Electronics,2020/10/25-14:30:00
ID133,smartphone-android,Electronics,2020/11/27-15:00:00
ID134,movie-drama,DVDs,2020/12/29-16:10:00
ID135,running-shoes,Nike,2020/01/02-13:25:00
ID136,headphones-wireless,Electronics,2020/02/15-14:20:00
ID137,movie-drama,DVDs,2020/03/18-09:15:00
ID138,smartphone-android,Electronics,2020/04/19-16:30:00
ID139,movie-drama,DVDs,2020/05/23-17:40:00
ID140,running-shoes,Nike,2020/06/29-18:50:00
ID141,headphones-wireless,Electronics,2020/07/31-19:55:00
ID142,movie-drama,DVDs,2020/08/28-14:30:00
ID143,smartphone-android,Electronics,2020/09/25-15:40:00
ID144,movie-drama,DVDs,2020/10/20-16:50:00
ID145,running-shoes,Nike,2020/11/15-17:00:00
ID146,headphones-wireless,Electronics,2020/12/12-18:10:00
ID147,movie-drama,DVDs,2020/01/07-19:20:00
ID148,smartphone-android,Electronics,2020/02/04-10:30:00
ID149,movie-drama,DVDs,2020/03/02-11:40:00
ID150,running-shoes,Nike,2020/04/05-12:50:00
ID151,headphones-wireless,Electronics,2020/05/03-13:00:00
ID152,movie-drama,DVDs,2020/06/02-14:10:00
ID153,smartphone-android,Electronics,2020/07/01-15:20:00
ID154,movie-drama,DVDs,2020/08/03-16:30:00
ID155,running-shoes,Nike,2020/09/01-17:40:00
ID156,headphones-wireless,Electronics,2020/10/01-18:50:00
ID157,movie-drama,DVDs,2020/11/02-19:00:00
ID158,smartphone-android,Electronics,2020/12/03-12:10:00
ID159,movie-drama,DVDs,2020/01/04-13:20:00
ID160,running-shoes,Nike,2020/02/03-14:30:00
ID161,headphones-wireless,Electronics,2020/03/03-15:40:00
ID162,movie-drama,DVDs,2020/04/02-16:50:00
ID163,smartphone-android,Electronics,2020/05/02-18:00:00
ID164,movie-drama,DVDs,2020/06/02-19:10:00
ID165,running-shoes,Nike,2020/07/02-10:20:00
ID166,headphones-wireless,Electronics,2020/08/01-11:30:00
ID167,movie-drama,DVDs,2020/09/01-12:40:00
ID168,smartphone-android,Electronics,2020/10/01-13:50:00
ID169,movie-drama,DVDs,2020/11/01-15:00:00
ID170,running-shoes,Nike,2020/12/02-16:10:00
ID171,headphones-wireless,Electronics,2020/01/02-17:20:00
ID172,movie-drama,DVDs,2020/02/01-18:30:00
ID173,smartphone-android,Electronics,2020/03/03-19:40:00
ID174,movie-drama,DVDs,2020/04/03-10:50:00
ID175,running-shoes,Nike,2020/05/03-11:00:00
ID176,headphones-wireless,Electronics,2020/06/03-12:10:00
ID177,movie-drama,DVDs,2020/07/03-13:20:00
ID178,smartphone-android,Electronics,2020/08/03-14:30:00
ID179,movie-drama,DVDs,2020/09/02-15:40:00
ID180,running-shoes,Nike,2020/10/02-16:50:00
ID181,headphones-wireless,Electronics,2020/11/02-18:00:00
ID182,movie-drama,DVDs,2020/12/02-19:10:00
ID183,smartphone-android,Electronics,2020/01/02-10:20:00
ID184,movie-drama,DVDs,2020/02/01-11:30:00
ID185,running-shoes,Nike,2020/03/01-12:40:00
ID186,headphones-wireless,Electronics,2020/04/01-13:50:00
ID187,movie-drama,DVDs,2020/05/01-15:00:00
ID188,smartphone-android,Electronics,2020/06/01-16:10:00
ID189,movie-drama,DVDs,2020/07/01-17:20:00
ID190,running-shoes,Nike,2020/08/01-18:30:00
ID191,headphones-wireless,Electronics,2020/09/01-19:40:00
ID192,movie-drama,DVDs,2020/10/01-10:50:00
ID193,smartphone-android,Electronics,2020/11/01-11:00:00
ID194,movie-drama,DVDs,2020/12/01-12:10:00
ID195,running-shoes,Nike,2020/01/01-13:20:00
ID196,headphones-wireless,Electronics,2020/02/01-14:30:00
ID197,movie-drama,DVDs,2020/03/01-15:40:00
ID198,smartphone-android,Electronics,2020/04/01-16:50:00
ID199,movie-drama,DVDs,2020/05/01-18:00:00
ID200,running-shoes,Nike,2020/06/01-19:10:00
ID201,headphones-wireless,Electronics,2020/07/01-10:20:00
ID202,movie-drama,DVDs,2020/08/01-11:30:00
ID203,smartphone-android,Electronics,2020/09/01-12:40:00
ID204,movie-drama,DVDs,2020/10/01-13:50:00
ID205,running-shoes,Nike,2020/11/01-15:00:00
ID206,headphones-wireless,Electronics,2020/12/01-16:10:00
ID207,movie-drama,DVDs,2020/01/01-17:20:00
ID208,smartphone-android,Electronics,2020/02/01-18:30:00
ID209,movie-drama,DVDs,2020/03/01-19:40:00
ID210,running-shoes,Nike,2020/04/01-10:50:00
ID211,headphones-wireless,Electronics,2020/05/01-11:00:00
ID212,movie-drama,DVDs,2020/06/01-12:10:00
ID213,smartphone-android,Electronics,2020/07/01-13:20:00
ID214,movie-drama,DVDs,2020/08/01-14:30:00
ID215,running-shoes,Nike,2020/09/01-15:40:00
ID216,headphones-wireless,Electronics,2020/10/01-16:50:00
ID217,movie-drama,DVDs,2020/11/01-18:00:00
ID218,smartphone-android,Electronics,2020/12/01-19:10:00
ID205,running-shoes,Nike,2020/11/01-15:00:00
ID206,headphones-wireless,Electronics,2020/12/01-16:10:00
ID207,movie-drama,DVDs,2020/01/01-17:20:00
ID208,smartphone-android,Electronics,2020/02/01-18:30:00
ID209,movie-drama,DVDs,2020/03/01-19:40:00
ID210,running-shoes,Nike,2020/04/01-10:50:00
ID211,headphones-wireless,Electronics,2020/05/01-11:00:00
ID212,movie-drama,DVDs,2020/06/01-12:10:00
ID213,smartphone-android,Electronics,2020/07/01-13:20:00
ID214,movie-drama,DVDs,2020/08/01-14:30:00
ID215,running-shoes,Nike,2020/09/01-15:40:00
ID216,headphones-wireless,Electronics,2020/10/01-16:50:00
ID217,movie-drama,DVDs,2020/11/01-18:00:00
ID218,smartphone-android,Electronics,2020/12/01-19:10:00
ID205,running-shoes,Nike,2020/11/01-15:00:00
ID206,headphones-wireless,Electronics,2020/12/01-16:10:00
ID207,movie-drama,DVDs,2020/01/01-17:20:00
ID208,smartphone-android,Electronics,2020/02/01-18:30:00
ID209,movie-drama,DVDs,2020/03/01-19:40:00
ID210,running-shoes,Nike,2020/04/01-10:50:00
ID211,headphones-wireless,Electronics,2020/05/01-11:00:00
ID212,movie-drama,DVDs,2020/06/01-12:10:00
ID213,smartphone-android,Electronics,2020/07/01-13:20:00
ID214,movie-drama,DVDs,2020/08/01-14:30:00
ID215,running-shoes,Nike,2020/09/01-15:40:00
ID216,headphones-wireless,Electronics,2020/10/01-16:50:00
ID217,movie-drama,DVDs,2020/11/01-18:00:00
ID218,smartphone-android,Electronics,2020/12/01-19:10:00
ID205,running-shoes,Nike,2020/11/01-15:00:00
ID206,headphones-wireless,Electronics,2020/12/01-16:10:00
ID207,movie-drama,DVDs,2020/01/01-17:20:00
ID208,smartphone-android,Electronics,2020/02/01-18:30:00
ID209,movie-drama,DVDs,2020/03/01-19:40:00
ID210,running-shoes,Nike,2020/04/01-10:50:00
ID211,headphones-wireless,Electronics,2020/05/01-11:00:00
ID212,movie-drama,DVDs,2020/06/01-12:10:00
ID213,smartphone-android,Electronics,2020/07/01-13:20:00
ID214,movie-drama,DVDs,2020/08/01-14:30:00
ID215,running-shoes,Nike,2020/09/01-15:40:00
ID216,headphones-wireless,Electronics,2020/10/01-16:50:00
ID217,movie-drama,DVDs,2020/11/01-18:00:00
ID218,smartphone-android,Electronics,2020/12/01-19:10:00
ID205,running-shoes,Nike,2020/11/01-15:00:00
ID223,headphones-wireless,Electronics,2020/12/01-16:10:00
ID207,movie-drama,DVDs,2020/01/01-17:20:00
ID208,smartphone-android,Electronics,2020/02/01-18:30:00
ID223,movie-drama,DVDs,2020/03/01-19:40:00
ID210,running-shoes,Nike,2020/04/01-10:50:00
ID211,headphones-wireless,Electronics,2020/05/01-11:00:00
ID212,movie-drama,DVDs,2020/06/01-12:10:00
ID213,smartphone-android,Electronics,2020/07/01-13:20:00
ID214,movie-drama,DVDs,2020/08/01-14:30:00
ID215,running-shoes,Nike,2020/09/01-15:40:00
ID216,headphones-wireless,Electronics,2020/10/01-16:50:00
ID217,movie-drama,DVDs,2020/11/01-18:00:00
ID218,smartphone-android,Electronics,2020/12/01-19:10:00
ID205,running-shoes,Nike,2020/11/01-15:00:00
ID206,headphones-wireless,Electronics,2020/12/01-16:10:00
ID207,movie-drama,DVDs,2020/01/01-17:20:00
ID208,smartphone-android,Electronics,2020/02/01-18:30:00
ID209,movie-drama,DVDs,2020/03/01-19:40:00
ID210,running-shoes,Nike,2020/04/01-10:50:00
ID211,headphones-wireless,Electronics,2020/05/01-11:00:00
ID212,movie-drama,DVDs,2020/06/01-12:10:00
ID213,smartphone-android,Electronics,2020/07/01-13:20:00
ID214,movie-drama,DVDs,2020/08/01-14:30:00
ID215,running-shoes,Nike,2020/09/01-15:40:00
ID216,headphones-wireless,Electronics,2020/10/01-16:50:00
ID217,movie-drama,DVDs,2020/11/01-18:00:00
ID218,smartphone-android,Electronics,2020/12/01-19:10:00
ID219,movie-action,DVDs,2021/01/01-12:00:00
ID220,smartwatch,Electronics,2021/02/01-12:30:00
ID221,movie-comedy,DVDs,2021/03/01-13:00:00
ID222,laptop-gaming,Electronics,2021/04/01-13:30:00
ID223,movie-action,DVDs,2021/05/01-14:00:00
ID224,smartwatch,Electronics,2021/06/01-14:30:00
ID225,movie-comedy,DVDs,2021/07/01-15:00:00
ID226,laptop-gaming,Electronics,2021/08/01-15:30:00
ID227,movie-action,DVDs,2021/09/01-16:00:00
ID228,smartwatch,Electronics,2021/10/01-16:30:00
ID219,movie-action,DVDs,2021/01/01-12:00:00
ID220,smartwatch,Electronics,2021/02/01-12:30:00
ID221,movie-comedy,DVDs,2021/03/01-13:00:00
ID222,laptop-gaming,Electronics,2021/04/01-13:30:00
ID223,movie-action,DVDs,2021/05/01-14:00:00
ID224,smartwatch,Electronics,2021/06/01-14:30:00
ID225,movie-comedy,DVDs,2021/07/01-15:00:00
ID226,laptop-gaming,Electronics,2021/08/01-15:30:00
ID227,movie-action,DVDs,2021/09/01-16:00:00
ID228,smartwatch,Electronics,2021/10/01-16:30:00
ID219,movie-action,DVDs,2021/01/01-12:00:00
ID220,smartwatch,Electronics,2021/02/01-12:30:00
ID221,movie-comedy,DVDs,2021/03/01-13:00:00
ID222,laptop-gaming,Electronics,2021/04/01-13:30:00
ID223,movie-action,DVDs,2021/05/01-14:00:00
ID224,smartwatch,Electronics,2021/06/01-14:30:00
ID225,movie-comedy,DVDs,2021/07/01-15:00:00
ID226,laptop-gaming,Electronics,2021/08/01-15:30:00
ID227,movie-action,DVDs,2021/09/01-16:00:00
ID228,smartwatch,Electronics,2021/10/01-16:30:00
ID219,movie-action,DVDs,2021/01/01-12:00:00
ID220,smartwatch,Electronics,2021/02/01-12:30:00
ID221,movie-comedy,DVDs,2021/03/01-13:00:00
ID222,laptop-gaming,Electronics,2021/04/01-13:30:00
ID223,movie-action,DVDs,2021/05/01-14:00:00
ID224,smartwatch,Electronics,2021/06/01-14:30:00
ID225,movie-comedy,DVDs,2021/07/01-15:00:00
ID226,laptop-gaming,Electronics,2021/08/01-15:30:00
ID227,movie-action,DVDs,2021/09/01-16:00:00
ID228,smartwatch,Electronics,2021/10/01-16:30:00
ID219,movie-action,DVDs,2021/01/01-12:00:00
ID220,smartwatch,Electronics,2021/02/01-12:30:00
ID221,movie-comedy,DVDs,2021/03/01-13:00:00
ID222,laptop-gaming,Electronics,2021/04/01-13:30:00
ID223,movie-action,DVDs,2021/05/01-14:00:00
ID224,smartwatch,Electronics,2021/06/01-14:30:00
ID225,movie-comedy,DVDs,2021/07/01-15:00:00
ID226,laptop-gaming,Electronics,2021/08/01-15:30:00
ID227,movie-action,DVDs,2021/09/01-16:00:00
ID228,smartwatch,Electronics,2021/10/01-16:30:00
ID219,movie-action,DVDs,2021/01/01-12:00:00
ID220,smartwatch,Electronics,2021/02/01-12:30:00
ID221,movie-comedy,DVDs,2021/03/01-13:00:00
ID222,laptop-gaming,Electronics,2021/04/01-13:30:00
ID223,movie-action,DVDs,2021/05/01-14:00:00
ID224,smartwatch,Electronics,2021/06/01-14:30:00
ID225,movie-comedy,DVDs,2021/07/01-15:00:00
ID226,laptop-gaming,Electronics,2021/08/01-15:30:00
ID227,movie-action,DVDs,2021/09/01-16:00:00
ID228,smartwatch,Electronics,2021/10/01-16:30:00
ID219,movie-action,DVDs,2021/01/01-12:00:00
ID220,smartwatch,Electronics,2021/02/01-12:30:00
ID221,movie-comedy,DVDs,2021/03/01-13:00:00
ID222,laptop-gaming,Electronics,2021/04/01-13:30:00
ID223,movie-action,DVDs,2021/05/01-14:00:00
ID224,smartwatch,Electronics,2021/06/01-14:30:00
ID225,movie-comedy,DVDs,2021/07/01-15:00:00
ID226,laptop-gaming,Electronics,2021/08/01-15:30:00
ID227,movie-action,DVDs,2021/09/01-16:00:00
ID228,smartwatch,Electronics,2021/10/01-16:30:00
ID219,movie-action,DVDs,2021/01/01-12:00:00
ID220,smartwatch,Electronics,2021/02/01-12:30:00
ID221,movie-comedy,DVDs,2021/03/01-13:00:00
ID222,laptop-gaming,Electronics,2021/04/01-13:30:00
ID223,movie-action,DVDs,2021/05/01-14:00:00
ID224,smartwatch,Electronics,2021/06/01-14:30:00
ID225,movie-comedy,DVDs,2021/07/01-15:00:00
ID226,laptop-gaming,Electronics,2021/08/01-15:30:00
ID227,movie-action,DVDs,2021/09/01-16:00:00
ID228,smartwatch,Electronics,2021/10/01-16:30:00
ID219,movie-action,DVDs,2021/01/01-12:00:00
ID220,smartwatch,Electronics,2021/02/01-12:30:00
ID221,movie-comedy,DVDs,2021/03/01-13:00:00
ID222,laptop-gaming,Electronics,2021/04/01-13:30:00
ID223,movie-action,DVDs,2021/05/01-14:00:00
ID224,smartwatch,Electronics,2021/06/01-14:30:00
ID225,movie-comedy,DVDs,2021/07/01-15:00:00
ID226,laptop-gaming,Electronics,2021/08/01-15:30:00
ID227,movie-action,DVDs,2021/09/01-16:00:00
ID228,smartwatch,Electronics,2021/10/01-16:30:00
ID219,movie-action,DVDs,2021/01/01-12:00:00
ID220,smartwatch,Electronics,2021/02/01-12:30:00
ID221,movie-comedy,DVDs,2021/03/01-13:00:00
ID222,laptop-gaming,Electronics,2021/04/01-13:30:00
ID223,movie-action,DVDs,2021/05/01-14:00:00
ID224,smartwatch,Electronics,2021/06/01-14:30:00
ID225,movie-comedy,DVDs,2021/07/01-15:00:00
ID226,laptop-gaming,Electronics,2021/08/01-15:30:00
ID227,movie-action,DVDs,2021/09/01-16:00:00
ID228,smartwatch,Electronics,2021/10/01-16:30:00
ID219,movie-action,DVDs,2021/01/01-12:00:00
ID220,smartwatch,Electronics,2021/02/01-12:30:00
ID221,movie-comedy,DVDs,2021/03/01-13:00:00
ID222,laptop-gaming,Electronics,2021/04/01-13:30:00
ID223,movie-action,DVDs,2021/05/01-14:00:00
ID224,smartwatch,Electronics,2021/06/01-14:30:00
ID225,movie-comedy,DVDs,2021/07/01-15:00:00
ID226,laptop-gaming,Electronics,2021/08/01-15:30:00
ID227,movie-action,DVDs,2021/09/01-16:00:00
ID228,smartwatch,Electronics,2021/10/01-16:30:00
ID219,movie-action,DVDs,2021/01/01-12:00:00
ID220,smartwatch,Electronics,2021/02/01-12:30:00
ID221,movie-comedy,DVDs,2021/03/01-13:00:00
ID222,laptop-gaming,Electronics,2021/04/01-13:30:00
ID223,movie-action,DVDs,2021/05/01-14:00:00
ID224,smartwatch,Electronics,2021/06/01-14:30:00
ID225,movie-comedy,DVDs,2021/07/01-15:00:00
ID226,laptop-gaming,Electronics,2021/08/01-15:30:00
ID227,movie-action,DVDs,2021/09/01-16:00:00
ID228,smartwatch,Electronics,2021/10/01-16:30:00
ID219,movie-action,DVDs,2021/01/01-12:00:00
ID220,smartwatch,Electronics,2021/02/01-12:30:00
ID221,movie-comedy,DVDs,2021/03/01-13:00:00
ID222,laptop-gaming,Electronics,2021/04/01-13:30:00
ID223,movie-action,DVDs,2021/05/01-14:00:00
ID224,smartwatch,Electronics,2021/06/01-14:30:00
ID225,movie-comedy,DVDs,2021/07/01-15:00:00
ID226,laptop-gaming,Electronics,2021/08/01-15:30:00
ID227,movie-action,DVDs,2021/09/01-16:00:00
ID228,smartwatch,Electronics,2021/10/01-16:30:00
ID219,movie-action,DVDs,2021/01/01-12:00:00
ID220,smartwatch,Electronics,2021/02/01-12:30:00
ID221,movie-comedy,DVDs,2021/03/01-13:00:00
ID222,laptop-gaming,Electronics,2021/04/01-13:30:00
ID223,movie-action,DVDs,2021/05/01-14:00:00
ID224,smartwatch,Electronics,2021/06/01-14:30:00
ID225,movie-comedy,DVDs,2021/07/01-15:00:00
ID226,laptop-gaming,Electronics,2021/08/01-15:30:00
ID227,movie-action,DVDs,2021/09/01-16:00:00
ID228,smartwatch,Electronics,2021/10/01-16:30:00